INSERT INTO locations(id,name,info) VALUES(3,'London Victoria','10 Buckingham Palace Rd, \r\nLondon, SW1W 0QP \r\n07521808882 ');
INSERT INTO locations(id,name,info) VALUES(4,'AcuPro Global Service','Google meeting link above');
INSERT INTO locations(id,name,info) VALUES(11,'City of London','33-34 Bury St, London, EC3A 5AR');
INSERT INTO services(id,category_id,title,price,duration_min) VALUES(1,14,'Initial Women Health',80.0,60);
INSERT INTO services(id,category_id,title,price,duration_min) VALUES(2,14,'Initial Pain Treatment',80.0,60);
INSERT INTO services(id,category_id,title,price,duration_min) VALUES(3,14,'Initial Skin Condition',80.0,60);
INSERT INTO services(id,category_id,title,price,duration_min) VALUES(4,14,'Initial General Wellness Treatment',80.0,60);
INSERT INTO services(id,category_id,title,price,duration_min) VALUES(5,14,'Follow Up',0.0,60);
INSERT INTO services(id,category_id,title,price,duration_min) VALUES(11,14,'Follow-Up (Herbal Renew)',0.0,30);
INSERT INTO services(id,category_id,title,price,duration_min) VALUES(12,10,'Deep Tissue/Sport Massage (30 mins)',40.0,30);
INSERT INTO services(id,category_id,title,price,duration_min) VALUES(26,10,'Deep Tissue/Sports Massage (45 mins)',60.0,60);
INSERT INTO services(id,category_id,title,price,duration_min) VALUES(27,10,'Deep Tissue/Sports Massage (60 mins)',75.0,60);
INSERT INTO services(id,category_id,title,price,duration_min) VALUES(28,10,'Mesotherapy',150.0,120);
INSERT INTO services(id,category_id,title,price,duration_min) VALUES(34,10,'Thermage FLX®',1200.0,120);
INSERT INTO services(id,category_id,title,price,duration_min) VALUES(56,13,'Free Inquiry',0.0,30);
INSERT INTO services(id,category_id,title,price,duration_min) VALUES(57,13,'TCM Consultation (45 mins)',100.0,60);
INSERT INTO services(id,category_id,title,price,duration_min) VALUES(58,13,'TCM Follow up',0.0,30);
INSERT INTO services(id,category_id,title,price,duration_min) VALUES(60,13,'Destiny Profile Consultation (45 mins)',100.0,60);
INSERT INTO staff(id,name) VALUES(3,'WT- VCT');
INSERT INTO staff(id,name) VALUES(5,'ZXW-VCT');
INSERT INTO staff(id,name) VALUES(6,'PJ- VCT');
INSERT INTO staff(id,name) VALUES(10,'LYM-VCT');
INSERT INTO staff(id,name) VALUES(11,'wang-ct');
INSERT INTO staff(id,name) VALUES(13,'zxw-ct');
INSERT INTO staff(id,name) VALUES(14,'wt-ct');
INSERT INTO staff(id,name) VALUES(16,'wjw-ct');
INSERT INTO staff(id,name) VALUES(17,'GLT-VCT');
INSERT INTO staff(id,name) VALUES(18,'luo-city');
INSERT INTO staff(id,name) VALUES(21,'zjh-ct');
INSERT INTO staff(id,name) VALUES(23,'Josh Sim');
INSERT INTO staff(id,name) VALUES(24,'LUO-VCT');
INSERT INTO staff(id,name) VALUES(25,'Global Online Consultation');
INSERT INTO staff_services(staff_id,service_id,location_id) VALUES(3,56,NULL);
INSERT INTO staff_services(staff_id,service_id,location_id) VALUES(3,57,NULL);
INSERT INTO staff_services(staff_id,service_id,location_id) VALUES(3,58,NULL);
INSERT INTO staff_services(staff_id,service_id,location_id) VALUES(3,60,NULL);
INSERT INTO staff_services(staff_id,service_id,location_id) VALUES(5,1,NULL);
INSERT INTO staff_services(staff_id,service_id,location_id) VALUES(5,2,NULL);
INSERT INTO staff_services(staff_id,service_id,location_id) VALUES(5,3,NULL);
INSERT INTO staff_services(staff_id,service_id,location_id) VALUES(5,4,NULL);
INSERT INTO staff_services(staff_id,service_id,location_id) VALUES(5,5,NULL);
INSERT INTO staff_services(staff_id,service_id,location_id) VALUES(5,11,NULL);
INSERT INTO staff_services(staff_id,service_id,location_id) VALUES(5,24,NULL);
INSERT INTO staff_services(staff_id,service_id,location_id) VALUES(5,25,NULL);
INSERT INTO staff_services(staff_id,service_id,location_id) VALUES(5,28,NULL);
INSERT INTO staff_services(staff_id,service_id,location_id) VALUES(5,31,NULL);
INSERT INTO staff_services(staff_id,service_id,location_id) VALUES(5,32,NULL);
INSERT INTO staff_services(staff_id,service_id,location_id) VALUES(5,34,NULL);
INSERT INTO staff_services(staff_id,service_id,location_id) VALUES(5,52,NULL);
INSERT INTO staff_services(staff_id,service_id,location_id) VALUES(6,1,NULL);
INSERT INTO staff_services(staff_id,service_id,location_id) VALUES(6,2,NULL);
INSERT INTO staff_services(staff_id,service_id,location_id) VALUES(6,3,NULL);
INSERT INTO staff_services(staff_id,service_id,location_id) VALUES(6,4,NULL);
INSERT INTO staff_services(staff_id,service_id,location_id) VALUES(6,5,NULL);
INSERT INTO staff_services(staff_id,service_id,location_id) VALUES(6,11,NULL);
INSERT INTO staff_services(staff_id,service_id,location_id) VALUES(6,12,NULL);
INSERT INTO staff_services(staff_id,service_id,location_id) VALUES(6,24,NULL);
INSERT INTO staff_services(staff_id,service_id,location_id) VALUES(6,25,NULL);
INSERT INTO staff_services(staff_id,service_id,location_id) VALUES(6,31,NULL);
INSERT INTO staff_services(staff_id,service_id,location_id) VALUES(6,32,NULL);
INSERT INTO staff_services(staff_id,service_id,location_id) VALUES(6,52,NULL);
INSERT INTO staff_services(staff_id,service_id,location_id) VALUES(9,1,NULL);
INSERT INTO staff_services(staff_id,service_id,location_id) VALUES(9,2,NULL);
INSERT INTO staff_services(staff_id,service_id,location_id) VALUES(9,3,NULL);
INSERT INTO staff_services(staff_id,service_id,location_id) VALUES(9,4,NULL);
INSERT INTO staff_services(staff_id,service_id,location_id) VALUES(9,5,NULL);
INSERT INTO staff_services(staff_id,service_id,location_id) VALUES(9,11,NULL);
INSERT INTO staff_services(staff_id,service_id,location_id) VALUES(9,12,NULL);
INSERT INTO staff_services(staff_id,service_id,location_id) VALUES(9,24,NULL);
INSERT INTO staff_services(staff_id,service_id,location_id) VALUES(9,25,NULL);
INSERT INTO staff_services(staff_id,service_id,location_id) VALUES(9,26,NULL);
INSERT INTO staff_services(staff_id,service_id,location_id) VALUES(9,27,NULL);
INSERT INTO staff_services(staff_id,service_id,location_id) VALUES(9,31,NULL);
INSERT INTO staff_services(staff_id,service_id,location_id) VALUES(9,32,NULL);
INSERT INTO staff_services(staff_id,service_id,location_id) VALUES(9,52,NULL);
INSERT INTO staff_services(staff_id,service_id,location_id) VALUES(10,1,NULL);
INSERT INTO staff_services(staff_id,service_id,location_id) VALUES(10,2,NULL);
INSERT INTO staff_services(staff_id,service_id,location_id) VALUES(10,3,NULL);
INSERT INTO staff_services(staff_id,service_id,location_id) VALUES(10,4,NULL);
INSERT INTO staff_services(staff_id,service_id,location_id) VALUES(10,5,NULL);
INSERT INTO staff_services(staff_id,service_id,location_id) VALUES(10,11,NULL);
INSERT INTO staff_services(staff_id,service_id,location_id) VALUES(10,12,NULL);
INSERT INTO staff_services(staff_id,service_id,location_id) VALUES(10,24,NULL);
INSERT INTO staff_services(staff_id,service_id,location_id) VALUES(10,25,NULL);
INSERT INTO staff_services(staff_id,service_id,location_id) VALUES(10,31,NULL);
INSERT INTO staff_services(staff_id,service_id,location_id) VALUES(10,32,NULL);
INSERT INTO staff_services(staff_id,service_id,location_id) VALUES(10,52,NULL);
INSERT INTO staff_services(staff_id,service_id,location_id) VALUES(11,1,NULL);
INSERT INTO staff_services(staff_id,service_id,location_id) VALUES(11,2,NULL);
INSERT INTO staff_services(staff_id,service_id,location_id) VALUES(11,3,NULL);
INSERT INTO staff_services(staff_id,service_id,location_id) VALUES(11,4,NULL);
INSERT INTO staff_services(staff_id,service_id,location_id) VALUES(11,5,NULL);
INSERT INTO staff_services(staff_id,service_id,location_id) VALUES(11,11,NULL);
INSERT INTO staff_services(staff_id,service_id,location_id) VALUES(11,24,NULL);
INSERT INTO staff_services(staff_id,service_id,location_id) VALUES(11,25,NULL);
INSERT INTO staff_services(staff_id,service_id,location_id) VALUES(11,31,NULL);
INSERT INTO staff_services(staff_id,service_id,location_id) VALUES(11,32,NULL);
INSERT INTO staff_services(staff_id,service_id,location_id) VALUES(11,52,NULL);
INSERT INTO staff_services(staff_id,service_id,location_id) VALUES(13,1,NULL);
INSERT INTO staff_services(staff_id,service_id,location_id) VALUES(13,2,NULL);
INSERT INTO staff_services(staff_id,service_id,location_id) VALUES(13,3,NULL);
INSERT INTO staff_services(staff_id,service_id,location_id) VALUES(13,4,NULL);
INSERT INTO staff_services(staff_id,service_id,location_id) VALUES(13,5,NULL);
INSERT INTO staff_services(staff_id,service_id,location_id) VALUES(13,11,NULL);
INSERT INTO staff_services(staff_id,service_id,location_id) VALUES(13,24,NULL);
INSERT INTO staff_services(staff_id,service_id,location_id) VALUES(13,25,NULL);
INSERT INTO staff_services(staff_id,service_id,location_id) VALUES(13,28,NULL);
INSERT INTO staff_services(staff_id,service_id,location_id) VALUES(13,31,NULL);
INSERT INTO staff_services(staff_id,service_id,location_id) VALUES(13,32,NULL);
INSERT INTO staff_services(staff_id,service_id,location_id) VALUES(14,1,NULL);
INSERT INTO staff_services(staff_id,service_id,location_id) VALUES(14,2,NULL);
INSERT INTO staff_services(staff_id,service_id,location_id) VALUES(14,3,NULL);
INSERT INTO staff_services(staff_id,service_id,location_id) VALUES(14,4,NULL);
INSERT INTO staff_services(staff_id,service_id,location_id) VALUES(14,5,NULL);
INSERT INTO staff_services(staff_id,service_id,location_id) VALUES(14,11,NULL);
INSERT INTO staff_services(staff_id,service_id,location_id) VALUES(14,24,NULL);
INSERT INTO staff_services(staff_id,service_id,location_id) VALUES(14,25,NULL);
INSERT INTO staff_services(staff_id,service_id,location_id) VALUES(14,31,NULL);
INSERT INTO staff_services(staff_id,service_id,location_id) VALUES(14,32,NULL);
INSERT INTO staff_services(staff_id,service_id,location_id) VALUES(14,52,NULL);
INSERT INTO staff_services(staff_id,service_id,location_id) VALUES(14,56,NULL);
INSERT INTO staff_services(staff_id,service_id,location_id) VALUES(14,57,NULL);
INSERT INTO staff_services(staff_id,service_id,location_id) VALUES(16,1,NULL);
INSERT INTO staff_services(staff_id,service_id,location_id) VALUES(16,2,NULL);
INSERT INTO staff_services(staff_id,service_id,location_id) VALUES(16,3,NULL);
INSERT INTO staff_services(staff_id,service_id,location_id) VALUES(16,4,NULL);
INSERT INTO staff_services(staff_id,service_id,location_id) VALUES(16,5,NULL);
INSERT INTO staff_services(staff_id,service_id,location_id) VALUES(16,11,NULL);
INSERT INTO staff_services(staff_id,service_id,location_id) VALUES(16,12,NULL);
INSERT INTO staff_services(staff_id,service_id,location_id) VALUES(16,24,NULL);
INSERT INTO staff_services(staff_id,service_id,location_id) VALUES(16,25,NULL);
INSERT INTO staff_services(staff_id,service_id,location_id) VALUES(16,26,NULL);
INSERT INTO staff_services(staff_id,service_id,location_id) VALUES(16,27,NULL);
INSERT INTO staff_services(staff_id,service_id,location_id) VALUES(16,31,NULL);
INSERT INTO staff_services(staff_id,service_id,location_id) VALUES(16,32,NULL);
INSERT INTO staff_services(staff_id,service_id,location_id) VALUES(17,1,NULL);
INSERT INTO staff_services(staff_id,service_id,location_id) VALUES(17,2,NULL);
INSERT INTO staff_services(staff_id,service_id,location_id) VALUES(17,3,NULL);
INSERT INTO staff_services(staff_id,service_id,location_id) VALUES(17,4,NULL);
INSERT INTO staff_services(staff_id,service_id,location_id) VALUES(17,5,NULL);
INSERT INTO staff_services(staff_id,service_id,location_id) VALUES(17,11,NULL);
INSERT INTO staff_services(staff_id,service_id,location_id) VALUES(17,12,NULL);
INSERT INTO staff_services(staff_id,service_id,location_id) VALUES(17,24,NULL);
INSERT INTO staff_services(staff_id,service_id,location_id) VALUES(17,25,NULL);
INSERT INTO staff_services(staff_id,service_id,location_id) VALUES(17,26,NULL);
INSERT INTO staff_services(staff_id,service_id,location_id) VALUES(17,27,NULL);
INSERT INTO staff_services(staff_id,service_id,location_id) VALUES(17,31,NULL);
INSERT INTO staff_services(staff_id,service_id,location_id) VALUES(17,32,NULL);
INSERT INTO staff_services(staff_id,service_id,location_id) VALUES(17,52,NULL);
INSERT INTO staff_services(staff_id,service_id,location_id) VALUES(18,1,NULL);
INSERT INTO staff_services(staff_id,service_id,location_id) VALUES(18,2,NULL);
INSERT INTO staff_services(staff_id,service_id,location_id) VALUES(18,3,NULL);
INSERT INTO staff_services(staff_id,service_id,location_id) VALUES(18,4,NULL);
INSERT INTO staff_services(staff_id,service_id,location_id) VALUES(18,5,NULL);
INSERT INTO staff_services(staff_id,service_id,location_id) VALUES(18,11,NULL);
INSERT INTO staff_services(staff_id,service_id,location_id) VALUES(18,24,NULL);
INSERT INTO staff_services(staff_id,service_id,location_id) VALUES(18,25,NULL);
INSERT INTO staff_services(staff_id,service_id,location_id) VALUES(18,31,NULL);
INSERT INTO staff_services(staff_id,service_id,location_id) VALUES(18,32,NULL);
INSERT INTO staff_services(staff_id,service_id,location_id) VALUES(18,52,NULL);
INSERT INTO staff_services(staff_id,service_id,location_id) VALUES(21,1,NULL);
INSERT INTO staff_services(staff_id,service_id,location_id) VALUES(21,2,NULL);
INSERT INTO staff_services(staff_id,service_id,location_id) VALUES(21,3,NULL);
INSERT INTO staff_services(staff_id,service_id,location_id) VALUES(21,4,NULL);
INSERT INTO staff_services(staff_id,service_id,location_id) VALUES(21,5,NULL);
INSERT INTO staff_services(staff_id,service_id,location_id) VALUES(21,11,NULL);
INSERT INTO staff_services(staff_id,service_id,location_id) VALUES(21,12,NULL);
INSERT INTO staff_services(staff_id,service_id,location_id) VALUES(21,24,NULL);
INSERT INTO staff_services(staff_id,service_id,location_id) VALUES(21,25,NULL);
INSERT INTO staff_services(staff_id,service_id,location_id) VALUES(21,26,NULL);
INSERT INTO staff_services(staff_id,service_id,location_id) VALUES(21,27,NULL);
INSERT INTO staff_services(staff_id,service_id,location_id) VALUES(21,31,NULL);
INSERT INTO staff_services(staff_id,service_id,location_id) VALUES(21,32,NULL);
INSERT INTO staff_services(staff_id,service_id,location_id) VALUES(21,52,NULL);
INSERT INTO staff_services(staff_id,service_id,location_id) VALUES(23,25,NULL);
INSERT INTO staff_services(staff_id,service_id,location_id) VALUES(23,34,NULL);
INSERT INTO staff_services(staff_id,service_id,location_id) VALUES(24,1,NULL);
INSERT INTO staff_services(staff_id,service_id,location_id) VALUES(24,2,NULL);
INSERT INTO staff_services(staff_id,service_id,location_id) VALUES(24,3,NULL);
INSERT INTO staff_services(staff_id,service_id,location_id) VALUES(24,4,NULL);
INSERT INTO staff_services(staff_id,service_id,location_id) VALUES(24,5,NULL);
INSERT INTO staff_services(staff_id,service_id,location_id) VALUES(24,11,NULL);
INSERT INTO staff_services(staff_id,service_id,location_id) VALUES(24,24,NULL);
INSERT INTO staff_services(staff_id,service_id,location_id) VALUES(24,25,NULL);
INSERT INTO staff_services(staff_id,service_id,location_id) VALUES(24,31,NULL);
INSERT INTO staff_services(staff_id,service_id,location_id) VALUES(24,32,NULL);
INSERT INTO staff_services(staff_id,service_id,location_id) VALUES(24,52,NULL);
INSERT INTO staff_services(staff_id,service_id,location_id) VALUES(25,58,NULL);
INSERT INTO staff_services(staff_id,service_id,location_id) VALUES(25,60,NULL);
INSERT INTO staff_schedule_items(staff_id,location_id,day_index,start_time,end_time) VALUES(3,NULL,1,'09:00:00','18:00:00');
INSERT INTO staff_schedule_items(staff_id,location_id,day_index,start_time,end_time) VALUES(3,NULL,2,'09:00:00','18:00:00');
INSERT INTO staff_schedule_items(staff_id,location_id,day_index,start_time,end_time) VALUES(3,NULL,3,'09:00:00','18:00:00');
INSERT INTO staff_schedule_items(staff_id,location_id,day_index,start_time,end_time) VALUES(3,NULL,4,'09:00:00','18:00:00');
INSERT INTO staff_schedule_items(staff_id,location_id,day_index,start_time,end_time) VALUES(3,NULL,5,'09:00:00','18:00:00');
INSERT INTO staff_schedule_items(staff_id,location_id,day_index,start_time,end_time) VALUES(3,NULL,6,'09:00:00','18:00:00');
INSERT INTO staff_schedule_items(staff_id,location_id,day_index,start_time,end_time) VALUES(3,NULL,7,'09:00:00','18:00:00');
INSERT INTO staff_schedule_items(staff_id,location_id,day_index,start_time,end_time) VALUES(5,NULL,1,'10:00:00','18:00:00');
INSERT INTO staff_schedule_items(staff_id,location_id,day_index,start_time,end_time) VALUES(5,NULL,2,'10:30:00','19:30:00');
INSERT INTO staff_schedule_items(staff_id,location_id,day_index,start_time,end_time) VALUES(5,NULL,3,'10:30:00','19:30:00');
INSERT INTO staff_schedule_items(staff_id,location_id,day_index,start_time,end_time) VALUES(5,NULL,5,'10:30:00','19:30:00');
INSERT INTO staff_schedule_items(staff_id,location_id,day_index,start_time,end_time) VALUES(6,NULL,7,'10:00:00','18:00:00');
INSERT INTO staff_schedule_items(staff_id,location_id,day_index,start_time,end_time) VALUES(10,NULL,1,'10:00:00','18:00:00');
INSERT INTO staff_schedule_items(staff_id,location_id,day_index,start_time,end_time) VALUES(10,NULL,4,'10:30:00','19:30:00');
INSERT INTO staff_schedule_items(staff_id,location_id,day_index,start_time,end_time) VALUES(10,NULL,5,'10:30:00','19:30:00');
INSERT INTO staff_schedule_items(staff_id,location_id,day_index,start_time,end_time) VALUES(10,NULL,6,'10:30:00','19:30:00');
INSERT INTO staff_schedule_items(staff_id,location_id,day_index,start_time,end_time) VALUES(10,NULL,7,'10:00:00','18:00:00');
INSERT INTO staff_schedule_items(staff_id,location_id,day_index,start_time,end_time) VALUES(13,NULL,4,'10:30:00','19:30:00');
INSERT INTO staff_schedule_items(staff_id,location_id,day_index,start_time,end_time) VALUES(16,NULL,1,'10:00:00','18:00:00');
INSERT INTO staff_schedule_items(staff_id,location_id,day_index,start_time,end_time) VALUES(16,NULL,3,'10:30:00','19:30:00');
INSERT INTO staff_schedule_items(staff_id,location_id,day_index,start_time,end_time) VALUES(16,NULL,4,'11:00:00','20:00:00');
INSERT INTO staff_schedule_items(staff_id,location_id,day_index,start_time,end_time) VALUES(16,NULL,5,'10:30:00','19:30:00');
INSERT INTO staff_schedule_items(staff_id,location_id,day_index,start_time,end_time) VALUES(16,NULL,6,'10:30:00','19:30:00');
INSERT INTO staff_schedule_items(staff_id,location_id,day_index,start_time,end_time) VALUES(17,NULL,2,'10:30:00','19:00:00');
INSERT INTO staff_schedule_items(staff_id,location_id,day_index,start_time,end_time) VALUES(17,NULL,3,'10:30:00','19:00:00');
INSERT INTO staff_schedule_items(staff_id,location_id,day_index,start_time,end_time) VALUES(18,NULL,2,'11:00:00','20:00:00');
INSERT INTO staff_schedule_items(staff_id,location_id,day_index,start_time,end_time) VALUES(21,NULL,1,'10:00:00','18:00:00');
INSERT INTO staff_schedule_items(staff_id,location_id,day_index,start_time,end_time) VALUES(21,NULL,2,'11:00:00','20:00:00');
INSERT INTO staff_schedule_items(staff_id,location_id,day_index,start_time,end_time) VALUES(21,NULL,3,'11:00:00','20:00:00');
INSERT INTO staff_schedule_items(staff_id,location_id,day_index,start_time,end_time) VALUES(21,NULL,5,'11:00:00','20:00:00');
INSERT INTO staff_schedule_items(staff_id,location_id,day_index,start_time,end_time) VALUES(21,NULL,6,'11:00:00','20:00:00');
INSERT INTO staff_schedule_items(staff_id,location_id,day_index,start_time,end_time) VALUES(21,NULL,7,'10:00:00','18:00:00');
INSERT INTO staff_schedule_items(staff_id,location_id,day_index,start_time,end_time) VALUES(23,NULL,1,'10:00:00','18:30:00');
INSERT INTO staff_schedule_items(staff_id,location_id,day_index,start_time,end_time) VALUES(23,NULL,2,'10:00:00','20:30:00');
INSERT INTO staff_schedule_items(staff_id,location_id,day_index,start_time,end_time) VALUES(23,NULL,3,'10:00:00','20:30:00');
INSERT INTO staff_schedule_items(staff_id,location_id,day_index,start_time,end_time) VALUES(23,NULL,4,'10:00:00','20:30:00');
INSERT INTO staff_schedule_items(staff_id,location_id,day_index,start_time,end_time) VALUES(23,NULL,5,'10:00:00','20:30:00');
INSERT INTO staff_schedule_items(staff_id,location_id,day_index,start_time,end_time) VALUES(23,NULL,6,'10:00:00','20:30:00');
INSERT INTO staff_schedule_items(staff_id,location_id,day_index,start_time,end_time) VALUES(23,NULL,7,'10:00:00','18:30:00');
INSERT INTO staff_schedule_items(staff_id,location_id,day_index,start_time,end_time) VALUES(24,NULL,6,'10:30:00','19:30:00');
INSERT INTO staff_schedule_items(staff_id,location_id,day_index,start_time,end_time) VALUES(21,11,2,'10:00:00','20:30:00');
INSERT INTO staff_schedule_items(staff_id,location_id,day_index,start_time,end_time) VALUES(21,11,4,'10:00:00','20:30:00');
INSERT INTO staff_schedule_items(staff_id,location_id,day_index,start_time,end_time) VALUES(21,11,7,'12:00:00','18:30:00');
INSERT INTO staff_schedule_items(staff_id,location_id,day_index,start_time,end_time) VALUES(3,3,2,'10:00:00','20:30:00');
INSERT INTO staff_schedule_items(staff_id,location_id,day_index,start_time,end_time) VALUES(3,3,4,'10:00:00','20:30:00');
INSERT INTO staff_schedule_items(staff_id,location_id,day_index,start_time,end_time) VALUES(3,3,7,'12:00:00','18:30:00');
INSERT INTO staff_schedule_items(staff_id,location_id,day_index,start_time,end_time) VALUES(6,3,2,'10:00:00','20:30:00');
INSERT INTO staff_schedule_items(staff_id,location_id,day_index,start_time,end_time) VALUES(6,3,4,'10:00:00','20:30:00');
INSERT INTO staff_schedule_items(staff_id,location_id,day_index,start_time,end_time) VALUES(6,3,7,'12:00:00','18:30:00');
INSERT INTO staff_schedule_items(staff_id,location_id,day_index,start_time,end_time) VALUES(25,NULL,1,'10:00:00','20:30:00');
INSERT INTO staff_schedule_items(staff_id,location_id,day_index,start_time,end_time) VALUES(25,NULL,2,'10:00:00','20:30:00');
INSERT INTO staff_schedule_items(staff_id,location_id,day_index,start_time,end_time) VALUES(25,NULL,3,'10:00:00','20:30:00');
INSERT INTO staff_schedule_items(staff_id,location_id,day_index,start_time,end_time) VALUES(25,NULL,4,'10:00:00','20:30:00');
INSERT INTO staff_schedule_items(staff_id,location_id,day_index,start_time,end_time) VALUES(25,NULL,5,'10:00:00','20:30:00');
INSERT INTO staff_schedule_items(staff_id,location_id,day_index,start_time,end_time) VALUES(25,NULL,6,'10:00:00','20:30:00');
INSERT INTO staff_schedule_items(staff_id,location_id,day_index,start_time,end_time) VALUES(25,NULL,7,'10:00:00','20:30:00');
INSERT INTO staff_schedule_items(staff_id,location_id,day_index,start_time,end_time) VALUES(26,NULL,6,'10:30:00','19:30:00');
